alpha,booster,colsample_bytree,gamma,learning_rate,max_depth,min_child_weight,n_estimators,reg_lambda,subsample,MSE,RMSE,MAE,R2
0.5,gbtree,0.8,0.5,0.01,7,3,800,2,0.7,23665.619408083225,147.73943762655628,61.22015745927218,0.9331244387584365
0.5,gbtree,0.8,0.5,0.01,7,3,800,2,0.7,11757.752095014986,106.97779569442368,45.129791082437904,0.9655170230590588
0.2,gbtree,0.8,0.7,0.005,6,2,1000,3,0.8,12289.153486303989,109.42827825681313,46.496803366515415,0.9639469444682863
